<?xml version="1.0" encoding="UTF-8"?>
<project-private xmlns="http://www.netbeans.org/ns/project-private/1">
    <editor-bookmarks xmlns="http://www.netbeans.org/ns/editor-bookmarks/2" lastBookmarkId="0"/>
    <open-files xmlns="http://www.netbeans.org/ns/projectui-open-files/2">
        <group>
            <file>file:/C:/xampp/htdocs/PhpProject11/index.php</file>
            <file>file:/C:/xampp/htdocs/PhpProject11/Fill%20out%20survey.php</file>
            <file>file:/C:/xampp/htdocs/PhpProject11/style.css</file>
            <file>file:/C:/xampp/htdocs/PhpProject11/View%20survey%20results.php</file>
        </group>
    </open-files>
</project-private>
